{
    "BLUE": 0.4347513936816689,
    "ROUGE": {
        "rouge-1": {
            "f": 0.26595704267827043,
            "p": 0.28060710821110683,
            "r": 0.2644437680460995
        },
        "rouge-2": {
            "f": 0.08986152302055927,
            "p": 0.09599916578220356,
            "r": 0.0881920676069479
        },
        "rouge-l": {
            "f": 0.23496076280435317,
            "p": 0.25854905154385488,
            "r": 0.23313247509546443
        }
    }
}