{
  "BLUE": 0.4347513936816689,
  "ROUGE": {
    "rouge-1": {
      "f": 0.28998186122840974,
      "p": 0.2778087523836445,
      "r": 0.3152404739607538
    },
    "rouge-2": {
      "f": 0.09993089952698091,
      "p": 0.09308170322533481,
      "r": 0.11297642198044568
    },
    "rouge-l": {
      "f": 0.25123513217744514,
      "p": 0.2401739686857492,
      "r": 0.273693676172892
    }
  }
}
