{
    "BLUE": 0.3786455396684458,
    "ROUGE": {
        "rouge-1": {
            "f": 0.23857937881277103,
            "p": 0.21349960488697414,
            "r": 0.28378621209673627
        },
        "rouge-2": {
            "f": 0.053548628591789695,
            "p": 0.048893275493357764,
            "r": 0.0615614882547433
        },
        "rouge-l": {
            "f": 0.1983180040752766,
            "p": 0.1827213425547401,
            "r": 0.2246648072724817
        }
    }
}