{
    "BLUE": 0.3012453609508827,
    "ROUGE": {
        "rouge-1": {
            "f": 0.2251391754253966,
            "p": 0.2808442159747045,
            "r": 0.20460959517905603
        },
        "rouge-2": {
            "f": 0.0812754787493602,
            "p": 0.1037478571310172,
            "r": 0.07086617434087578
        },
        "rouge-l": {
            "f": 0.1984477696713046,
            "p": 0.2498398509439047,
            "r": 0.17564020160309127
        }
    }
}