{
    "BLUE": 0.33264869438573674,
    "ROUGE": {
        "rouge-1": {
            "f": 0.2636134544962799,
            "p": 0.3129253970986615,
            "r": 0.24692409867879847
        },
        "rouge-2": {
            "f": 0.08244538294704674,
            "p": 0.09910239119091796,
            "r": 0.07468398966826956
        },
        "rouge-l": {
            "f": 0.2213647535594068,
            "p": 0.2687796353979084,
            "r": 0.1992495235092722
        }
    }
}