{
    "BLUE": 0.16906757812368667,
    "ROUGE": {
        "rouge-1": {
            "f": 0.18163381380673715,
            "p": 0.1420405940201754,
            "r": 0.37860726859526633
        },
        "rouge-2": {
            "f": 0.03672393438090016,
            "p": 0.030139697257704223,
            "r": 0.07122638399209164
        },
        "rouge-l": {
            "f": 0.16713239242995725,
            "p": 0.13580238923743607,
            "r": 0.28243871148574895
        }
    }
}