{
    "BLUE": 0.2409296218748876,
    "ROUGE": {
        "rouge-1": {
            "f": 0.19403748811718982,
            "p": 0.16786045351837153,
            "r": 0.30503104438244766
        },
        "rouge-2": {
            "f": 0.03230196337249392,
            "p": 0.029474902676691398,
            "r": 0.04772769047315722
        },
        "rouge-l": {
            "f": 0.16820498493831618,
            "p": 0.15532121210139951,
            "r": 0.2188712527687978
        }
    }
}